    {
        // See https://go.microsoft.com//fwlink//?linkid=834763 for more information about this file.
        "environments": [
            {
                "BuildDir": "${projectDir}\\build"
            }
        ],
        "configurations": [
            {
                "name": "x86-Debug",
                "generator": "Ninja",
                "configurationType": "Debug",
                "inheritEnvironments": [ "msvc_x86" ],
                "buildRoot": "${env.BuildDir}\\${name}",
                "installRoot": "${env.ProgramFiles(x86)}\\${name}",
                "cmakeCommandArgs": "",
                "buildCommandArgs": "",
                "ctestCommandArgs": "",
                "variables": [
                    {
                        "name": "CMAKE_CXX_COMPILER",
                        "value": "C:\\Program Files\\LLVM\\bin\\clang-cl.exe"
                    },
                    {
                        "name": "CMAKE_C_COMPILER",
                        "value": "C:\\Program Files\\LLVM\\bin\\clang-cl.exe"
                    }
                ],
                "environments": [
                    {
                        "CFLAGS": "-m32"
                    },
                    {
                        "CXXFLAGS": "-m32"
                    }
                ]
            },
            {
                "name": "x86-Release",
                "generator": "Ninja",
                "configurationType": "RelWithDebInfo",
                "inheritEnvironments": [ "msvc_x86" ],
                "buildRoot": "${env.BuildDir}\\${name}",
                "installRoot": "${env.ProgramFiles(x86)}\\${name}",
                "cmakeCommandArgs": "",
                "buildCommandArgs": "",
                "ctestCommandArgs": "",
                "variables": [
                    {
                        "name": "CMAKE_CXX_COMPILER",
                        "value": "C:\\Program Files\\LLVM\\bin\\clang-cl.exe"
                    },
                    {
                        "name": "CMAKE_C_COMPILER",
                        "value": "C:\\Program Files\\LLVM\\bin\\clang-cl.exe"
                    }
                ],
                "environments": [
                    {
                        "CFLAGS": "-m32"
                    },
                    {
                        "CXXFLAGS": "-m32"
                    }
                ]
            },
            {
                "name": "x64-Debug",
                "generator": "Ninja",
                "configurationType": "Debug",
                "inheritEnvironments": [ "msvc_x64" ],
                "buildRoot": "${env.BuildDir}\\${name}",
                "installRoot": "${env.ProgramFiles}\\${name}",
                "cmakeCommandArgs": "",
                "buildCommandArgs": "",
                "ctestCommandArgs": "",
                "variables": [
                    {
                        "name": "CMAKE_CXX_COMPILER",
                        "value": "C:\\Program Files\\LLVM\\bin\\clang-cl.exe"
                    },
                    {
                        "name": "CMAKE_C_COMPILER",
                        "value": "C:\\Program Files\\LLVM\\bin\\clang-cl.exe"
                    }
                ],
                "environments": [
                    {
                        "CFLAGS": "-m64"
                    },
                    {
                        "CXXFLAGS": "-m64"
                    }
                ]
            },
            {
                "name": "x64-Release",
                "generator": "Ninja",
                "configurationType": "RelWithDebInfo",
                "inheritEnvironments": [ "msvc_x64" ],
                "buildRoot": "${env.BuildDir}\\${name}",
                "installRoot": "${env.ProgramFiles}\\${name}",
                "cmakeCommandArgs": "",
                "buildCommandArgs": "",
                "ctestCommandArgs": "",
                "variables": [
                    {
                        "name": "CMAKE_CXX_COMPILER",
                        "value": "C:\\Program Files\\LLVM\\bin\\clang-cl.exe"
                    },
                    {
                        "name": "CMAKE_C_COMPILER",
                        "value": "C:\\Program Files\\LLVM\\bin\\clang-cl.exe"
                    }
                ],
                "environments": [
                    {
                        "CFLAGS": "-m64"
                    },
                    {
                        "CXXFLAGS": "-m64"
                    }
                ]
            }
        ]
    }