{
    // See https://go.microsoft.com//fwlink//?linkid=834763 for more information about this file.
    "configurations": [
        {
            "name": "CMakeSolution",
            "generator": "Visual Studio 15 2017",
            "buildRoot": "${projectDir}\\build\\${name}",
            "cmakeCommandArgs": ""
        },
        {
            "name": "x86-Debug",
            "generator": "Ninja",
            "configurationType": "Debug",
            "inheritEnvironments": [ "msvc_x86" ],
            "buildRoot": "${projectDir}\\build\\Debug_x86",
            "installRoot": "${env.ProgramFiles(x86)}\\${name}",
            "cmakeCommandArgs": "",
            "buildCommandArgs": "-v",
            "ctestCommandArgs": ""
        },
        {
            "name": "x86-Release",
            "generator": "Ninja",
            "configurationType": "RelWithDebInfo",
            "inheritEnvironments": [ "msvc_x86" ],
            "buildRoot": "${projectDir}\\build\\Release_x86",
            "installRoot": "${env.ProgramFiles(x86)}\\${name}",
            "cmakeCommandArgs": "",
            "buildCommandArgs": "-v",
            "ctestCommandArgs": ""
        },
        {
            "name": "x64-Debug",
            "generator": "Ninja",
            "configurationType": "Debug",
            "inheritEnvironments": [ "msvc_x64" ],
            "buildRoot": "${projectDir}\\build\\Release_x64",
            "installRoot": "${env.ProgramFiles}\\${name}",
            "cmakeCommandArgs": "",
            "buildCommandArgs": "-v",
            "ctestCommandArgs": ""
        },
        {
            "name": "x64-Release",
            "generator": "Ninja",
            "configurationType": "RelWithDebInfo",
            "inheritEnvironments": [ "msvc_x64" ],
            "buildRoot": "${projectDir}\\build\\Release_x64",
            "installRoot": "${env.ProgramFiles}\\${name}",
            "cmakeCommandArgs": "",
            "buildCommandArgs": "-v",
            "ctestCommandArgs": ""
        }
    ]
}